開催日,レース名,距離,地肌,クラス,通時,適性
1975/12/21,4歳以上勝入,1800,ダ,NoClass,z.NoClass,5.砂 マイル
1975/12/21,4歳以上勝入,1700,ダ,NoClass,z.NoClass,5.砂 マイル
1975/12/20,3歳勝入,1700,ダ,NoClass,z.NoClass,5.砂 マイル
1975/12/20,3歳,1600,芝,NoClass,z.NoClass,2.芝 マイル
1975/12/20,4歳以上勝入,2600,障,NoClass,z.NoClass,7.障害
1975/12/07,4歳以上,1700,ダ,NoClass,z.NoClass,5.砂 マイル
1975/12/07,4歳以上,1600,芝,NoClass,z.NoClass,2.芝 マイル
1975/12/06,3歳,1700,ダ,NoClass,z.NoClass,5.砂 マイル
1975/12/06,4歳以上,1600,芝,NoClass,z.NoClass,2.芝 マイル
1975/12/06,3歳,1600,ダ,NoClass,z.NoClass,5.砂 マイル
1975/11/30,4歳以上,1600,ダ,NoClass,z.NoClass,5.砂 マイル
1975/11/29,4歳以上,2710,障,NoClass,z.NoClass,7.障害
1975/11/29,3歳,1200,芝,NoClass,z.NoClass,1.芝 短距離
1975/11/23,4歳以上,1800,芝,NoClass,z.NoClass,2.芝 マイル
1975/11/23,3歳勝入,1400,ダ,NoClass,z.NoClass,4.砂 短距離
1975/11/16,4歳以上,2890,障,NoClass,z.NoClass,7.障害
1975/11/15,4歳以上,2700,障,NoClass,z.NoClass,7.障害
1975/11/15,4歳以上,1200,ダ,NoClass,z.NoClass,4.砂 短距離
1975/11/08,3歳,1000,芝,NoClass,z.NoClass,1.芝 短距離
1975/11/08,4歳以上,1800,芝,NoClass,z.NoClass,2.芝 マイル
1975/11/08,4歳以上,1600,ダ,NoClass,z.NoClass,5.砂 マイル
1975/11/08,3歳,1400,ダ,NoClass,z.NoClass,4.砂 短距離
1975/11/02,3歳,1600,芝,NoClass,z.NoClass,2.芝 マイル
1975/11/01,3歳,1400,ダ,NoClass,z.NoClass,4.砂 短距離
1975/11/01,4歳以上,1700,ダ,NoClass,z.NoClass,5.砂 マイル
1975/10/26,3歳勝入,1400,ダ,NoClass,z.NoClass,4.砂 短距離
1975/10/25,4歳以上,1600,芝,NoClass,z.NoClass,2.芝 マイル
1975/10/25,4歳以上,1600,芝,NoClass,z.NoClass,2.芝 マイル
1975/10/19,4歳以上,1600,芝,NoClass,z.NoClass,2.芝 マイル
1975/10/18,4歳以上,2700,障,NoClass,z.NoClass,7.障害
1975/10/11,3歳,1000,芝,NoClass,z.NoClass,1.芝 短距離
1975/10/11,4歳以上,1800,ダ,NoClass,z.NoClass,5.砂 マイル
1975/10/11,3歳,1400,芝,NoClass,z.NoClass,1.芝 短距離
1975/10/04,3歳,1000,芝,NoClass,z.NoClass,1.芝 短距離
1975/10/04,3歳,1200,芝,NoClass,z.NoClass,1.芝 短距離
1975/10/04,4歳以上,1600,芝,NoClass,z.NoClass,2.芝 マイル
1975/09/28,4歳以上勝入,1700,ダ,NoClass,z.NoClass,5.砂 マイル
1975/09/27,3歳,1200,ダ,NoClass,z.NoClass,4.砂 短距離
1975/09/27,3歳勝入,1200,ダ,NoClass,z.NoClass,4.砂 短距離
1975/09/27,4歳以上勝入,1800,ダ,NoClass,z.NoClass,5.砂 マイル
1975/09/27,4歳以上,2600,障,NoClass,z.NoClass,7.障害
1975/09/20,4歳以上,2710,障,NoClass,z.NoClass,7.障害
1975/09/14,4歳以上,1800,ダ,NoClass,z.NoClass,5.砂 マイル
1975/09/14,4歳以上,1900,芝,NoClass,z.NoClass,3.芝 中以遠
1975/09/13,3歳,1200,芝,NoClass,z.NoClass,1.芝 短距離
1975/09/06,4歳以上,1600,芝,NoClass,z.NoClass,2.芝 マイル
1975/09/06,4歳以上,1700,ダ,NoClass,z.NoClass,5.砂 マイル
1975/08/31,4歳以上勝入,1600,芝,NoClass,z.NoClass,2.芝 マイル
1975/08/30,4歳以上,1800,芝,NoClass,z.NoClass,2.芝 マイル
1975/08/23,3歳,1200,芝,NoClass,z.NoClass,1.芝 短距離
1975/08/23,4歳以上勝入,2800,障,NoClass,z.NoClass,7.障害
1975/08/16,3歳,1200,芝,NoClass,z.NoClass,1.芝 短距離
1975/08/16,3歳,1100,芝,NoClass,z.NoClass,1.芝 短距離
1975/08/16,3歳,1200,芝,NoClass,z.NoClass,1.芝 短距離
1975/08/10,4歳以上,2600,障,NoClass,z.NoClass,7.障害
1975/08/10,3歳勝入,1200,芝,NoClass,z.NoClass,1.芝 短距離
1975/08/09,4歳以上,1200,芝,NoClass,z.NoClass,1.芝 短距離
1975/08/09,4歳以上勝入,1700,芝,NoClass,z.NoClass,2.芝 マイル
1975/08/03,3歳勝入,1200,芝,NoClass,z.NoClass,1.芝 短距離
1975/08/02,4歳以上勝入,1400,芝,NoClass,z.NoClass,1.芝 短距離
1975/07/26,4歳以上,2800,障,NoClass,z.NoClass,7.障害
1975/07/20,4歳以上,1700,芝,NoClass,z.NoClass,2.芝 マイル
1975/07/19,4歳以上,1800,ダ,NoClass,z.NoClass,5.砂 マイル
1975/07/13,3歳勝入,1000,ダ,NoClass,z.NoClass,4.砂 短距離
1975/07/12,4歳以上,1800,芝,NoClass,z.NoClass,2.芝 マイル
1975/07/06,3歳勝入,1200,ダ,NoClass,z.NoClass,4.砂 短距離
1975/07/05,4歳以上,1800,ダ,NoClass,z.NoClass,5.砂 マイル
1975/07/05,4歳,1700,ダ,NoClass,z.NoClass,5.砂 マイル
1975/06/29,4歳以上,1700,ダ,NoClass,z.NoClass,5.砂 マイル
1975/06/29,4歳以上,1700,芝,NoClass,z.NoClass,2.芝 マイル
1975/06/28,4歳,1800,芝,NoClass,z.NoClass,2.芝 マイル
1975/06/21,4歳以上,1600,ダ,NoClass,z.NoClass,5.砂 マイル
1975/06/21,4歳以上,2700,障,NoClass,z.NoClass,7.障害
1975/06/15,4歳以上,2710,障,NoClass,z.NoClass,7.障害
1975/06/15,4歳以上勝入,2600,障,NoClass,z.NoClass,7.障害
1975/06/14,4歳以上,1800,芝,NoClass,z.NoClass,2.芝 マイル
1975/06/14,4歳以上勝入,1700,ダ,NoClass,z.NoClass,5.砂 マイル
1975/06/08,4歳,1600,ダ,NoClass,z.NoClass,5.砂 マイル
1975/05/31,4歳,1600,芝,NoClass,z.NoClass,2.芝 マイル
1975/05/24,4歳以上,2000,芝,NoClass,z.NoClass,3.芝 中以遠
1975/05/18,4歳以上,2820,障,NoClass,z.NoClass,7.障害
1975/05/18,4歳以上,1700,ダ,NoClass,z.NoClass,5.砂 マイル
1975/05/18,5歳以上勝入,2490,障,NoClass,z.NoClass,7.障害
1975/05/17,4歳以上,1400,ダ,NoClass,z.NoClass,4.砂 短距離
1975/05/17,アラブ系(勝入),1800,ダ,NoClass,z.NoClass,5.砂 マイル
1975/05/17,4歳,1400,芝,NoClass,z.NoClass,1.芝 短距離
1975/05/17,5歳以上,1900,芝,NoClass,z.NoClass,3.芝 中以遠
1975/05/11,4歳,1600,芝,NoClass,z.NoClass,2.芝 マイル
1975/05/10,4歳以上勝入,1800,芝,NoClass,z.NoClass,2.芝 マイル
1975/05/03,4歳,1800,芝,NoClass,z.NoClass,2.芝 マイル
1975/04/29,4歳以上,1800,ダ,NoClass,z.NoClass,5.砂 マイル
1975/04/27,5歳以上,1400,ダ,NoClass,z.NoClass,4.砂 短距離
1975/04/20,4歳以上,1600,芝,NoClass,z.NoClass,2.芝 マイル
1975/04/13,4歳以上勝入,1800,芝,NoClass,z.NoClass,2.芝 マイル
1975/04/12,4歳以上勝入,1200,ダ,NoClass,z.NoClass,4.砂 短距離
1975/04/12,5歳以上,2600,障,NoClass,z.NoClass,7.障害
1975/04/05,5歳以上,1600,芝,NoClass,z.NoClass,2.芝 マイル
1975/04/05,5歳以上,1800,芝,NoClass,z.NoClass,2.芝 マイル
1975/04/05,4歳以上,1700,芝,NoClass,z.NoClass,2.芝 マイル
1975/03/29,4歳,1600,芝,NoClass,z.NoClass,2.芝 マイル
1975/03/23,4歳以上,1800,芝,NoClass,z.NoClass,2.芝 マイル
1975/03/22,4歳以上,1700,ダ,NoClass,z.NoClass,5.砂 マイル
1975/03/22,5歳以上,1800,ダ,NoClass,z.NoClass,5.砂 マイル
1975/03/22,4歳,1600,芝,NoClass,z.NoClass,2.芝 マイル
1975/03/16,4歳以上,1700,ダ,NoClass,z.NoClass,5.砂 マイル
1975/03/16,4歳,1600,芝,NoClass,z.NoClass,2.芝 マイル
1975/03/15,5歳以上,2710,障,NoClass,z.NoClass,7.障害
1975/03/15,5歳以上,3000,障,NoClass,z.NoClass,7.障害
1975/03/15,5歳以上,1600,芝,NoClass,z.NoClass,2.芝 マイル
1975/03/09,4歳以上勝入,1700,ダ,NoClass,z.NoClass,5.砂 マイル
1975/03/02,4歳以上,1700,ダ,NoClass,z.NoClass,5.砂 マイル
1975/02/23,5歳以上,1700,ダ,NoClass,z.NoClass,5.砂 マイル
1975/02/23,4歳,1600,ダ,NoClass,z.NoClass,5.砂 マイル
1975/02/22,5歳以上,1900,芝,NoClass,z.NoClass,3.芝 中以遠
1975/02/16,4歳以上,1600,ダ,NoClass,z.NoClass,5.砂 マイル
1975/02/15,4歳以上勝入,1400,ダ,NoClass,z.NoClass,4.砂 短距離
1975/02/15,5歳以上,1600,芝,NoClass,z.NoClass,2.芝 マイル
1975/02/09,4歳以上,1400,ダ,NoClass,z.NoClass,4.砂 短距離
1975/02/09,4歳以上勝入,1700,ダ,NoClass,z.NoClass,5.砂 マイル
1975/02/08,5歳以上,1600,芝,NoClass,z.NoClass,2.芝 マイル
1975/02/02,5歳以上,2490,障,NoClass,z.NoClass,7.障害
1975/02/02,4歳,1600,芝,NoClass,z.NoClass,2.芝 マイル
1975/01/26,4歳,1400,ダ,NoClass,z.NoClass,4.砂 短距離
1975/01/26,5歳以上,1700,ダ,NoClass,z.NoClass,5.砂 マイル
1975/01/25,5歳以上,2700,障,NoClass,z.NoClass,7.障害
1975/01/19,4歳以上,1700,ダ,NoClass,z.NoClass,5.砂 マイル
1975/01/19,4歳,1700,芝,NoClass,z.NoClass,2.芝 マイル
1975/01/18,5歳以上,2000,芝,NoClass,z.NoClass,3.芝 中以遠
1975/01/12,5歳以上,1400,芝,NoClass,z.NoClass,1.芝 短距離
1975/01/11,5歳以上,1600,ダ,NoClass,z.NoClass,5.砂 マイル
1975/01/06,5歳以上,2890,障,NoClass,z.NoClass,7.障害
1975/01/05,4歳以上,1400,ダ,NoClass,z.NoClass,4.砂 短距離
1976/12/25,3歳,1600,芝,NoClass,z.NoClass,2.芝 マイル
1976/12/18,4歳以上勝入,1700,ダ,NoClass,z.NoClass,5.砂 マイル
1976/12/16,3歳勝入,1700,ダ,NoClass,z.NoClass,5.砂 マイル
1976/12/12,3歳,1200,ダ,NoClass,z.NoClass,4.砂 短距離
1976/12/11,4歳以上,1700,ダ,NoClass,z.NoClass,5.砂 マイル
1976/12/11,4歳以上,1600,芝,NoClass,z.NoClass,2.芝 マイル
1976/12/11,4歳以上,1600,ダ,NoClass,z.NoClass,5.砂 マイル
1976/12/11,4歳以上,2600,障,NoClass,z.NoClass,7.障害
1976/12/11,4歳以上,1900,芝,NoClass,z.NoClass,3.芝 中以遠
1976/12/04,4歳以上,2710,障,NoClass,z.NoClass,7.障害
1976/12/04,3歳,1200,芝,NoClass,z.NoClass,1.芝 短距離
1976/11/28,4歳以上,1800,芝,NoClass,z.NoClass,2.芝 マイル
1976/11/27,3歳,1600,ダ,NoClass,z.NoClass,5.砂 マイル
1976/11/21,4歳以上,1700,芝,NoClass,z.NoClass,2.芝 マイル
1976/11/21,4歳以上,2890,障,NoClass,z.NoClass,7.障害
1976/11/13,4歳以上,1600,芝,NoClass,z.NoClass,2.芝 マイル
1976/11/13,3歳,1400,芝,NoClass,z.NoClass,1.芝 短距離
1976/11/13,4歳以上,1200,芝,NoClass,z.NoClass,1.芝 短距離
1976/11/07,4歳以上,2820,障,NoClass,z.NoClass,7.障害
1976/11/07,3歳,1400,芝,NoClass,z.NoClass,1.芝 短距離
1976/11/06,3歳,1000,芝,NoClass,z.NoClass,1.芝 短距離
1976/11/06,4歳以上,1700,ダ,NoClass,z.NoClass,5.砂 マイル
1976/10/31,3歳,1600,芝,NoClass,z.NoClass,2.芝 マイル
1976/10/31,3歳勝入,1200,ダ,NoClass,z.NoClass,4.砂 短距離
1976/10/30,4歳以上,1800,ダ,NoClass,z.NoClass,5.砂 マイル
1976/10/30,4歳以上,1600,芝,NoClass,z.NoClass,2.芝 マイル
1976/10/23,4歳以上,1700,芝,NoClass,z.NoClass,2.芝 マイル
1976/10/23,4歳以上,1800,芝,NoClass,z.NoClass,2.芝 マイル
1976/10/23,4歳以上,1800,芝,NoClass,z.NoClass,2.芝 マイル
1976/10/16,3歳,1200,芝,NoClass,z.NoClass,1.芝 短距離
1976/10/10,4歳以上,2710,障,NoClass,z.NoClass,7.障害
1976/10/10,3歳,1200,芝,NoClass,z.NoClass,1.芝 短距離
1976/10/09,4歳以上,1800,芝,NoClass,z.NoClass,2.芝 マイル
1976/10/03,4歳以上,1600,芝,NoClass,z.NoClass,2.芝 マイル
1976/10/03,3歳勝入,1200,ダ,NoClass,z.NoClass,4.砂 短距離
1976/10/02,3歳,1000,芝,NoClass,z.NoClass,1.芝 短距離
1976/10/02,4歳以上勝入,1800,ダ,NoClass,z.NoClass,5.砂 マイル
1976/09/26,4歳以上,3100,障,NoClass,z.NoClass,7.障害
1976/09/25,4歳以上,3000,障,NoClass,z.NoClass,7.障害
1976/09/19,3歳,1400,ダ,NoClass,z.NoClass,4.砂 短距離
1976/09/18,4歳以上,1600,芝,NoClass,z.NoClass,2.芝 マイル
1976/09/12,4歳以上,1700,ダ,NoClass,z.NoClass,5.砂 マイル
1976/09/11,4歳以上,1700,ダ,NoClass,z.NoClass,5.砂 マイル
1976/09/04,4歳以上,1700,芝,NoClass,z.NoClass,2.芝 マイル
1976/09/04,4歳以上勝入,1600,芝,NoClass,z.NoClass,2.芝 マイル
1976/09/04,4歳以上勝入,1600,芝,NoClass,z.NoClass,2.芝 マイル
1976/08/22,3歳,1200,芝,NoClass,z.NoClass,1.芝 短距離
1976/08/21,3歳,1200,芝,NoClass,z.NoClass,1.芝 短距離
1976/08/21,3歳,1200,芝,NoClass,z.NoClass,1.芝 短距離
1976/08/21,3歳,1200,芝,NoClass,z.NoClass,1.芝 短距離
1976/08/15,4歳以上,1600,芝,NoClass,z.NoClass,2.芝 マイル
1976/08/14,4歳以上,1400,芝,NoClass,z.NoClass,1.芝 短距離
1976/08/14,4歳以上,1200,芝,NoClass,z.NoClass,1.芝 短距離
1976/08/08,3歳勝入,1200,芝,NoClass,z.NoClass,1.芝 短距離
1976/08/08,4歳以上勝入,1800,芝,NoClass,z.NoClass,2.芝 マイル
1976/08/08,4歳以上,2800,障,NoClass,z.NoClass,7.障害
1976/08/07,4歳以上勝入,1600,芝,NoClass,z.NoClass,2.芝 マイル
1976/08/07,4歳以上,2600,障,NoClass,z.NoClass,7.障害
1976/07/31,4歳以上,1600,芝,NoClass,z.NoClass,2.芝 マイル
1976/07/25,短距離S,1200,ダ,NoClass,z.NoClass,4.砂 短距離
1976/07/25,4歳以上,2950,障,NoClass,z.NoClass,7.障害
1976/07/24,3歳,1200,ダ,NoClass,z.NoClass,4.砂 短距離
1976/07/17,4歳以上,1400,芝,NoClass,z.NoClass,1.芝 短距離
1976/07/17,4歳以上,1700,芝,NoClass,z.NoClass,2.芝 マイル
1976/07/11,4歳,1600,芝,NoClass,z.NoClass,2.芝 マイル
1976/07/11,3歳勝入,1000,ダ,NoClass,z.NoClass,4.砂 短距離
1976/07/10,3歳勝入,1200,ダ,NoClass,z.NoClass,4.砂 短距離
1976/07/03,4歳以上,1700,ダ,NoClass,z.NoClass,5.砂 マイル
1976/07/03,4歳以上勝入,1700,ダ,NoClass,z.NoClass,5.砂 マイル
1976/06/27,4歳以上,1800,ダ,NoClass,z.NoClass,5.砂 マイル
1976/06/27,4歳,1800,芝,NoClass,z.NoClass,2.芝 マイル
1976/06/20,4歳以上,1800,芝,NoClass,z.NoClass,2.芝 マイル
1976/06/20,4歳以上,1600,ダ,NoClass,z.NoClass,5.砂 マイル
1976/06/19,4歳以上,2700,障,NoClass,z.NoClass,7.障害
1976/06/13,4歳,1600,芝,NoClass,z.NoClass,2.芝 マイル
1976/05/29,4歳,1600,芝,NoClass,z.NoClass,2.芝 マイル
1976/05/22,4歳,1400,ダ,NoClass,z.NoClass,4.砂 短距離
1976/05/22,4歳以上,1700,ダ,NoClass,z.NoClass,5.砂 マイル
1976/05/22,4歳以上,2000,芝,NoClass,z.NoClass,3.芝 中以遠
1976/05/16,4歳,1800,芝,NoClass,z.NoClass,2.芝 マイル
1976/05/15,4歳以上勝入,1700,芝,NoClass,z.NoClass,2.芝 マイル
1976/05/15,5歳以上,2820,障,NoClass,z.NoClass,7.障害
1976/05/08,4歳,1800,芝,NoClass,z.NoClass,2.芝 マイル
1976/05/08,5歳以上,1900,ダ,NoClass,z.NoClass,6.砂 中以遠
1976/05/03,4歳以上,1800,ダ,NoClass,z.NoClass,5.砂 マイル
1976/05/02,5歳以上,1200,ダ,NoClass,z.NoClass,4.砂 短距離
1976/04/11,5歳以上,1800,芝,NoClass,z.NoClass,2.芝 マイル
1976/04/04,5歳以上,2000,芝,NoClass,z.NoClass,3.芝 中以遠
1976/04/04,4歳以上勝入,1800,芝,NoClass,z.NoClass,2.芝 マイル
1976/04/03,4歳,1800,芝,NoClass,z.NoClass,2.芝 マイル
1976/03/27,5歳以上,1600,芝,NoClass,z.NoClass,2.芝 マイル
1976/03/27,4歳,1600,芝,NoClass,z.NoClass,2.芝 マイル
1976/03/21,5歳以上,2710,障,NoClass,z.NoClass,7.障害
1976/03/21,5歳以上,3000,障,NoClass,z.NoClass,7.障害
1976/03/20,5歳以上,1600,芝,NoClass,z.NoClass,2.芝 マイル
1976/03/20,4歳以上,1800,芝,NoClass,z.NoClass,2.芝 マイル
1976/03/14,4歳,1600,芝,NoClass,z.NoClass,2.芝 マイル
1976/03/14,4歳以上,1700,芝,NoClass,z.NoClass,2.芝 マイル
1976/03/13,4歳以上,1700,ダ,NoClass,z.NoClass,5.砂 マイル
1976/03/07,4歳以上勝入,1600,ダ,NoClass,z.NoClass,5.砂 マイル
1976/02/29,5歳以上,1600,芝,NoClass,z.NoClass,2.芝 マイル
1976/02/28,4歳以上,1600,ダ,NoClass,z.NoClass,5.砂 マイル
1976/02/21,4歳以上勝入,1400,ダ,NoClass,z.NoClass,4.砂 短距離
1976/02/21,5歳以上,2820,障,NoClass,z.NoClass,7.障害
1976/02/21,5歳以上,2000,芝,NoClass,z.NoClass,3.芝 中以遠
1976/02/14,4歳以上,1400,ダ,NoClass,z.NoClass,4.砂 短距離
1976/02/14,4歳以上,1700,ダ,NoClass,z.NoClass,5.砂 マイル
1976/02/14,5歳以上,1700,芝,NoClass,z.NoClass,2.芝 マイル
1976/02/07,4歳以上勝入,1700,ダ,NoClass,z.NoClass,5.砂 マイル
1976/02/01,5歳以上,1600,ダ,NoClass,z.NoClass,5.砂 マイル
1976/02/01,4歳以上,1600,ダ,NoClass,z.NoClass,5.砂 マイル
1976/01/31,4歳,1400,芝,NoClass,z.NoClass,1.芝 短距離
1976/01/31,4歳,1600,芝,NoClass,z.NoClass,2.芝 マイル
1976/01/25,5歳以上,1600,芝,NoClass,z.NoClass,2.芝 マイル
1976/01/24,4歳以上,1400,ダ,NoClass,z.NoClass,4.砂 短距離
1976/01/24,4歳,1600,芝,NoClass,z.NoClass,2.芝 マイル
1976/01/18,4歳以上,1700,ダ,NoClass,z.NoClass,5.砂 マイル
1976/01/17,5歳以上,2000,芝,NoClass,z.NoClass,3.芝 中以遠
1976/01/15,5歳以上,1400,ダ,NoClass,z.NoClass,4.砂 短距離
1976/01/11,5歳以上,2890,障,NoClass,z.NoClass,7.障害
1976/01/05,4歳以上,1400,ダ,NoClass,z.NoClass,4.砂 短距離
1977/12/25,3歳勝入,1700,ダ,NoClass,z.NoClass,5.砂 マイル
1977/12/24,4歳以上勝入,1800,ダ,NoClass,z.NoClass,5.砂 マイル
1977/12/18,4歳以上勝入,1600,ダ,NoClass,z.NoClass,5.砂 マイル
1977/12/11,3歳,1200,ダ,NoClass,z.NoClass,4.砂 短距離
1977/12/10,4歳以上,1700,ダ,NoClass,z.NoClass,5.砂 マイル
1977/12/10,4歳以上,1600,芝,NoClass,z.NoClass,2.芝 マイル
1977/12/10,4歳以上,1700,ダ,NoClass,z.NoClass,5.砂 マイル
1977/12/10,4歳以上,1800,芝,NoClass,z.NoClass,2.芝 マイル
1977/12/03,4歳以上,2710,障,NoClass,z.NoClass,7.障害
1977/11/27,4歳以上,1800,芝,NoClass,z.NoClass,2.芝 マイル
1977/11/26,3歳,1600,ダ,NoClass,z.NoClass,5.砂 マイル
1977/11/20,4歳以上勝入,1700,芝,NoClass,z.NoClass,2.芝 マイル
1977/11/20,4歳以上,3270,障,NoClass,z.NoClass,7.障害
1977/11/12,4歳以上,1800,芝,NoClass,z.NoClass,2.芝 マイル
1977/11/12,3歳,1400,芝,NoClass,z.NoClass,1.芝 短距離
1977/11/12,4歳以上,1200,芝,NoClass,z.NoClass,1.芝 短距離
1977/11/06,3歳,1400,芝,NoClass,z.NoClass,1.芝 短距離
1977/11/05,3歳,1000,芝,NoClass,z.NoClass,1.芝 短距離
1977/11/05,4歳以上,1700,ダ,NoClass,z.NoClass,5.砂 マイル
1977/10/30,3歳,1600,芝,NoClass,z.NoClass,2.芝 マイル
1977/10/30,4歳以上,1600,芝,NoClass,z.NoClass,2.芝 マイル
1977/10/30,3歳勝入,1400,ダ,NoClass,z.NoClass,4.砂 短距離
1977/10/29,4歳以上,1800,ダ,NoClass,z.NoClass,5.砂 マイル
1977/10/29,4歳以上,1600,芝,NoClass,z.NoClass,2.芝 マイル
1977/10/23,4歳以上,1600,芝,NoClass,z.NoClass,2.芝 マイル
1977/10/22,4歳以上勝入,1700,芝,NoClass,z.NoClass,2.芝 マイル
1977/10/15,3歳,1400,芝,NoClass,z.NoClass,1.芝 短距離
1977/10/09,4歳以上,1600,芝,NoClass,z.NoClass,2.芝 マイル
1977/10/09,3歳,1200,芝,NoClass,z.NoClass,1.芝 短距離
1977/10/08,4歳以上,2710,障,NoClass,z.NoClass,7.障害
1977/10/08,4歳以上,1800,芝,NoClass,z.NoClass,2.芝 マイル
1977/10/08,4歳以上,1900,芝,NoClass,z.NoClass,3.芝 中以遠
1977/10/02,4歳以上,1600,芝,NoClass,z.NoClass,2.芝 マイル
1977/10/02,3歳勝入,1200,ダ,NoClass,z.NoClass,4.砂 短距離
1977/10/01,4歳以上勝入,1800,ダ,NoClass,z.NoClass,5.砂 マイル
1977/09/24,4歳以上,3000,障,NoClass,z.NoClass,7.障害
1977/09/11,4歳以上,1600,芝,NoClass,z.NoClass,2.芝 マイル
1977/09/10,4歳以上,1700,ダ,NoClass,z.NoClass,5.砂 マイル
1977/09/03,4歳以上,1700,芝,NoClass,z.NoClass,2.芝 マイル
1977/09/03,4歳以上,1600,芝,NoClass,z.NoClass,2.芝 マイル
1977/08/21,3歳,1200,芝,NoClass,z.NoClass,1.芝 短距離
1977/08/20,3歳,1200,芝,NoClass,z.NoClass,1.芝 短距離
1977/08/20,3歳,1200,芝,NoClass,z.NoClass,1.芝 短距離
1977/08/20,4歳以上,1200,芝,NoClass,z.NoClass,1.芝 短距離
1977/08/13,4歳以上,1200,芝,NoClass,z.NoClass,1.芝 短距離
1977/08/13,4歳以上,1600,芝,NoClass,z.NoClass,2.芝 マイル
1977/08/07,4歳以上,2950,障,NoClass,z.NoClass,7.障害
1977/08/06,4歳以上勝入,1600,芝,NoClass,z.NoClass,2.芝 マイル
1977/08/06,4歳以上勝入,1600,芝,NoClass,z.NoClass,2.芝 マイル
1977/07/23,3歳,1200,ダ,NoClass,z.NoClass,4.砂 短距離
1977/07/16,4歳以上,1400,芝,NoClass,z.NoClass,1.芝 短距離
1977/07/16,4歳以上,1600,芝,NoClass,z.NoClass,2.芝 マイル
1977/07/09,3歳勝入,1200,ダ,NoClass,z.NoClass,4.砂 短距離
1977/07/09,4歳,1600,芝,NoClass,z.NoClass,2.芝 マイル
1977/07/09,3歳勝入,1000,ダ,NoClass,z.NoClass,4.砂 短距離
1977/07/03,4歳以上,1700,ダ,NoClass,z.NoClass,5.砂 マイル
1977/07/02,4歳以上,1600,ダ,NoClass,z.NoClass,5.砂 マイル
1977/06/26,4歳以上,1700,ダ,NoClass,z.NoClass,5.砂 マイル
1977/06/25,4歳以上,1800,ダ,NoClass,z.NoClass,5.砂 マイル
1977/06/25,4歳,1800,芝,NoClass,z.NoClass,2.芝 マイル
1977/06/04,4歳以上勝入,1700,ダ,NoClass,z.NoClass,5.砂 マイル
1977/05/28,4歳,1600,芝,NoClass,z.NoClass,2.芝 マイル
1977/05/21,4歳以上,1400,ダ,NoClass,z.NoClass,4.砂 短距離
1977/05/21,4歳以上,2820,障,NoClass,z.NoClass,7.障害
1977/05/21,4歳以上,2000,芝,NoClass,z.NoClass,3.芝 中以遠
1977/05/15,4歳,1800,芝,NoClass,z.NoClass,2.芝 マイル
1977/05/14,4歳,1600,芝,NoClass,z.NoClass,2.芝 マイル
1977/05/07,4歳,1600,芝,NoClass,z.NoClass,2.芝 マイル
1977/05/01,5歳以上,1400,芝,NoClass,z.NoClass,1.芝 短距離
1977/05/01,5歳以上,1900,芝,NoClass,z.NoClass,3.芝 中以遠
1977/04/24,4歳以上,1700,芝,NoClass,z.NoClass,2.芝 マイル
1977/04/23,4歳以上,1700,ダ,NoClass,z.NoClass,5.砂 マイル
1977/04/22,5歳以上,3000,障,NoClass,z.NoClass,7.障害
1977/04/17,4歳以上勝入,1700,芝,NoClass,z.NoClass,2.芝 マイル
1977/04/09,5歳以上,1800,ダ,NoClass,z.NoClass,5.砂 マイル
1977/04/03,4歳,1800,芝,NoClass,z.NoClass,2.芝 マイル
1977/04/03,5歳以上,1900,芝,NoClass,z.NoClass,3.芝 中以遠
1977/04/03,4歳以上,1800,芝,NoClass,z.NoClass,2.芝 マイル
1977/03/27,4歳以上,1700,ダ,NoClass,z.NoClass,5.砂 マイル
1977/03/27,5歳以上,1200,芝,NoClass,z.NoClass,1.芝 短距離
1977/03/27,4歳,1600,芝,NoClass,z.NoClass,2.芝 マイル
1977/03/26,4歳以上,1800,芝,NoClass,z.NoClass,2.芝 マイル
1977/03/20,5歳以上,3000,障,NoClass,z.NoClass,7.障害
1977/03/19,5歳以上,2710,障,NoClass,z.NoClass,7.障害
1977/03/13,4歳以上勝入,1700,ダ,NoClass,z.NoClass,5.砂 マイル
1977/03/12,4歳以上,1800,ダ,NoClass,z.NoClass,5.砂 マイル
1977/03/12,4歳,1600,芝,NoClass,z.NoClass,2.芝 マイル
1977/03/06,4歳以上,1600,ダ,NoClass,z.NoClass,5.砂 マイル
1977/02/27,5歳以上,1600,芝,NoClass,z.NoClass,2.芝 マイル
1977/02/20,4歳以上,1700,ダ,NoClass,z.NoClass,5.砂 マイル
1977/02/19,5歳以上,3270,障,NoClass,z.NoClass,7.障害
1977/02/12,4歳以上,1700,ダ,NoClass,z.NoClass,5.砂 マイル
1977/02/06,4歳以上,1600,ダ,NoClass,z.NoClass,5.砂 マイル
1977/02/05,4歳,1400,芝,NoClass,z.NoClass,1.芝 短距離
1977/01/30,4歳,1400,芝,NoClass,z.NoClass,1.芝 短距離
1977/01/30,5歳以上,2820,障,NoClass,z.NoClass,7.障害
1977/01/30,5歳以上,1600,ダ,NoClass,z.NoClass,5.砂 マイル
1977/01/29,4歳以上勝入,1400,ダ,NoClass,z.NoClass,4.砂 短距離
1977/01/23,5歳以上,2000,芝,NoClass,z.NoClass,3.芝 中以遠
1977/01/22,4歳以上,1700,ダ,NoClass,z.NoClass,5.砂 マイル
1977/01/22,4歳,1600,芝,NoClass,z.NoClass,2.芝 マイル
1977/01/16,4歳以上,1400,ダ,NoClass,z.NoClass,4.砂 短距離
1977/01/09,5歳以上,1600,芝,NoClass,z.NoClass,2.芝 マイル
1977/01/08,5歳以上,1400,ダ,NoClass,z.NoClass,4.砂 短距離
1978/12/24,3歳勝入,1700,ダ,NoClass,z.NoClass,5.砂 マイル
1978/12/23,4歳以上勝入,1800,ダ,NoClass,z.NoClass,5.砂 マイル
1978/12/17,3歳勝入,1600,ダ,NoClass,z.NoClass,5.砂 マイル
1978/12/16,4歳以上,1600,ダ,NoClass,z.NoClass,5.砂 マイル
1978/12/10,3歳,1200,ダ,NoClass,z.NoClass,4.砂 短距離
1978/12/09,4歳以上,1700,ダ,NoClass,z.NoClass,5.砂 マイル
1978/12/09,4歳以上,1600,芝,NoClass,z.NoClass,2.芝 マイル
1978/12/02,4歳以上,2700,障,NoClass,z.NoClass,7.障害
1978/11/26,4歳以上,3290,障,NoClass,z.NoClass,7.障害
1978/11/25,4歳以上,1700,ダ,NoClass,z.NoClass,5.砂 マイル
1978/11/25,4歳以上,1800,芝,NoClass,z.NoClass,2.芝 マイル
1978/11/19,4歳以上勝入,1700,芝,NoClass,z.NoClass,2.芝 マイル
1978/11/11,4歳以上,1800,芝,NoClass,z.NoClass,2.芝 マイル
1978/11/11,3歳,1400,芝,NoClass,z.NoClass,1.芝 短距離
1978/11/11,4歳以上,1200,芝,NoClass,z.NoClass,1.芝 短距離
1978/11/05,3歳,1400,芝,NoClass,z.NoClass,1.芝 短距離
1978/11/04,3歳,1000,芝,NoClass,z.NoClass,1.芝 短距離
1978/11/04,4歳以上,1700,ダ,NoClass,z.NoClass,5.砂 マイル
1978/10/29,4歳以上,1600,芝,NoClass,z.NoClass,2.芝 マイル
1978/10/29,3歳勝入,1400,ダ,NoClass,z.NoClass,4.砂 短距離
1978/10/28,3歳,1600,芝,NoClass,z.NoClass,2.芝 マイル
1978/10/28,4歳以上,2000,芝,NoClass,z.NoClass,3.芝 中以遠
1978/10/22,4歳以上勝入,1800,芝,NoClass,z.NoClass,2.芝 マイル
1978/10/15,4歳以上,1400,ダ,NoClass,z.NoClass,4.砂 短距離
1978/10/08,4歳以上,1600,芝,NoClass,z.NoClass,2.芝 マイル
1978/10/08,3歳,1200,芝,NoClass,z.NoClass,1.芝 短距離
1978/10/07,4歳以上,2700,障,NoClass,z.NoClass,7.障害
1978/10/07,4歳以上,1600,芝,NoClass,z.NoClass,2.芝 マイル
1978/10/01,4歳以上,1700,芝,NoClass,z.NoClass,2.芝 マイル
1978/09/30,4歳以上勝入,1700,ダ,NoClass,z.NoClass,5.砂 マイル
1978/09/24,4歳以上,3000,障,NoClass,z.NoClass,7.障害
1978/09/23,3歳,1400,ダ,NoClass,z.NoClass,4.砂 短距離
1978/09/16,4歳以上,1600,芝,NoClass,z.NoClass,2.芝 マイル
1978/09/10,4歳以上,1600,芝,NoClass,z.NoClass,2.芝 マイル
1978/09/02,3歳,1200,ダ,NoClass,z.NoClass,4.砂 短距離
1978/09/02,4歳以上勝入,1600,芝,NoClass,z.NoClass,2.芝 マイル
1978/08/20,4歳以上,1200,芝,NoClass,z.NoClass,1.芝 短距離
1978/08/19,3歳,1200,芝,NoClass,z.NoClass,1.芝 短距離
1978/08/19,3歳,1200,芝,NoClass,z.NoClass,1.芝 短距離
1978/08/13,4歳以上,1600,芝,NoClass,z.NoClass,2.芝 マイル
1978/08/12,4歳以上,1200,芝,NoClass,z.NoClass,1.芝 短距離
1978/08/12,3歳,1200,芝,NoClass,z.NoClass,1.芝 短距離
1978/08/05,4歳以上勝入,1600,芝,NoClass,z.NoClass,2.芝 マイル
1978/08/05,4歳以上勝入,1700,芝,NoClass,z.NoClass,2.芝 マイル
1978/07/30,4歳以上,1700,芝,NoClass,z.NoClass,2.芝 マイル
1978/07/15,4歳以上,1400,芝,NoClass,z.NoClass,1.芝 短距離
1978/07/15,4歳以上,1600,芝,NoClass,z.NoClass,2.芝 マイル
1978/07/09,4歳,1600,芝,NoClass,z.NoClass,2.芝 マイル
1978/07/09,3歳勝入,1000,ダ,NoClass,z.NoClass,4.砂 短距離
1978/07/08,3歳勝入,1000,ダ,NoClass,z.NoClass,4.砂 短距離
1978/07/01,4歳以上,1600,ダ,NoClass,z.NoClass,5.砂 マイル
1978/06/25,4歳以上,1700,ダ,NoClass,z.NoClass,5.砂 マイル
1978/06/25,4歳,1700,芝,NoClass,z.NoClass,2.芝 マイル
1978/06/11,4歳,1600,芝,NoClass,z.NoClass,2.芝 マイル
1978/06/03,4歳以上,1700,ダ,NoClass,z.NoClass,5.砂 マイル
1978/05/27,4歳,1600,芝,NoClass,z.NoClass,2.芝 マイル
1978/05/21,4歳以上,2820,障,NoClass,z.NoClass,7.障害
1978/05/20,4歳以上,2000,芝,NoClass,z.NoClass,3.芝 中以遠
1978/05/14,4歳,1800,芝,NoClass,z.NoClass,2.芝 マイル
1978/05/14,4歳,1600,芝,NoClass,z.NoClass,2.芝 マイル
1978/05/06,4歳,1600,芝,NoClass,z.NoClass,2.芝 マイル
1978/04/30,4歳以上,1600,芝,NoClass,z.NoClass,2.芝 マイル
1978/04/30,5歳以上,1400,芝,NoClass,z.NoClass,1.芝 短距離
1978/04/23,5歳以上,3270,障,NoClass,z.NoClass,7.障害
1978/04/22,4歳以上,1800,ダ,NoClass,z.NoClass,5.砂 マイル
1978/04/22,5歳以上,2000,芝,NoClass,z.NoClass,3.芝 中以遠
1978/04/15,4歳以上勝入,1200,ダ,NoClass,z.NoClass,4.砂 短距離
1978/04/09,5歳以上,1800,芝,NoClass,z.NoClass,2.芝 マイル
1978/04/08,5歳以上,3200,障,NoClass,z.NoClass,7.障害
1978/04/02,5歳以上,1900,芝,NoClass,z.NoClass,3.芝 中以遠
1978/04/01,4歳,1800,芝,NoClass,z.NoClass,2.芝 マイル
1978/03/26,5歳以上,1600,芝,NoClass,z.NoClass,2.芝 マイル
1978/03/26,4歳,1600,芝,NoClass,z.NoClass,2.芝 マイル
1978/03/25,4歳以上,1800,芝,NoClass,z.NoClass,2.芝 マイル
1978/03/18,5歳以上,2710,障,NoClass,z.NoClass,7.障害
1978/03/12,4歳,1600,芝,NoClass,z.NoClass,2.芝 マイル
1978/03/12,5歳以上,3200,障,NoClass,z.NoClass,7.障害
1978/03/11,4歳以上,1700,ダ,NoClass,z.NoClass,5.砂 マイル
1978/03/04,4歳以上,1700,ダ,NoClass,z.NoClass,5.砂 マイル
1978/02/26,5歳以上,1600,芝,NoClass,z.NoClass,2.芝 マイル
1978/02/26,4歳以上,1800,ダ,NoClass,z.NoClass,5.砂 マイル
1978/02/18,4歳以上,1400,ダ,NoClass,z.NoClass,4.砂 短距離
1978/02/11,5歳以上,3100,障,NoClass,z.NoClass,7.障害
1978/02/11,4歳以上勝入,1700,ダ,NoClass,z.NoClass,5.砂 マイル
1978/01/29,4歳以上,1400,ダ,NoClass,z.NoClass,4.砂 短距離
1978/01/29,5歳以上,1600,芝,NoClass,z.NoClass,2.芝 マイル
1978/01/28,4歳,1400,芝,NoClass,z.NoClass,1.芝 短距離
1978/01/28,5歳以上,1600,ダ,NoClass,z.NoClass,5.砂 マイル
1978/01/28,4歳,1600,芝,NoClass,z.NoClass,2.芝 マイル
1978/01/07,5歳以上,1400,ダ,NoClass,z.NoClass,4.砂 短距離
1978/01/07,4歳以上,1400,ダ,NoClass,z.NoClass,4.砂 短距離
1979/12/23,3歳勝入,1700,ダ,NoClass,z.NoClass,5.砂 マイル
1979/12/22,4歳以上勝入,1800,ダ,NoClass,z.NoClass,5.砂 マイル
1979/12/16,4歳以上,1700,ダ,NoClass,z.NoClass,5.砂 マイル
1979/12/09,4歳以上,1700,ダ,NoClass,z.NoClass,5.砂 マイル
1979/12/09,4歳以上,1600,芝,NoClass,z.NoClass,2.芝 マイル
1979/12/09,4歳以上,1600,ダ,NoClass,z.NoClass,5.砂 マイル
1979/12/08,3歳,1200,ダ,NoClass,z.NoClass,4.砂 短距離
1979/12/02,4歳以上,2700,障,NoClass,z.NoClass,7.障害
1979/12/02,4歳以上,3200,障,NoClass,z.NoClass,7.障害
1979/11/25,3歳,1600,ダ,NoClass,z.NoClass,5.砂 マイル
1979/11/25,4歳以上,1800,芝,NoClass,z.NoClass,2.芝 マイル
1979/11/18,4歳以上,3200,障,NoClass,z.NoClass,7.障害
1979/11/10,4歳以上,1800,芝,NoClass,z.NoClass,2.芝 マイル
1979/11/10,4歳以上,1200,芝,NoClass,z.NoClass,1.芝 短距離
1979/11/04,3歳,1400,芝,NoClass,z.NoClass,1.芝 短距離
1979/11/03,3歳,1000,芝,NoClass,z.NoClass,1.芝 短距離
1979/11/03,3歳,1400,芝,NoClass,z.NoClass,1.芝 短距離
1979/11/03,4歳以上,1800,ダ,NoClass,z.NoClass,5.砂 マイル
1979/10/28,4歳以上,1800,芝,NoClass,z.NoClass,2.芝 マイル
1979/10/28,3歳勝入,1000,ダ,NoClass,z.NoClass,4.砂 短距離
1979/10/27,4歳以上,1800,芝,NoClass,z.NoClass,2.芝 マイル
1979/10/14,4歳以上,1800,芝,NoClass,z.NoClass,2.芝 マイル
1979/10/13,4歳以上,1700,ダ,NoClass,z.NoClass,5.砂 マイル
1979/10/06,3歳,1000,芝,NoClass,z.NoClass,1.芝 短距離
1979/10/06,4歳以上,3200,障,NoClass,z.NoClass,7.障害
1979/09/29,4歳以上,1700,ダ,NoClass,z.NoClass,5.砂 マイル
1979/09/15,4歳以上,1400,ダ,NoClass,z.NoClass,4.砂 短距離
1979/09/09,4歳以上,1800,芝,NoClass,z.NoClass,2.芝 マイル
1979/09/01,4歳以上,1600,芝,NoClass,z.NoClass,2.芝 マイル
1979/09/01,4歳以上,1600,芝,NoClass,z.NoClass,2.芝 マイル
1979/08/18,3歳,1200,芝,NoClass,z.NoClass,1.芝 短距離
1979/08/11,3歳,1200,芝,NoClass,z.NoClass,1.芝 短距離
1979/08/05,4歳以上,1700,芝,NoClass,z.NoClass,2.芝 マイル
1979/07/21,4歳以上,1400,芝,NoClass,z.NoClass,1.芝 短距離
1979/07/15,4歳以上,1600,芝,NoClass,z.NoClass,2.芝 マイル
1979/07/01,4歳以上,1700,ダ,NoClass,z.NoClass,5.砂 マイル
1979/06/17,4歳以上,1700,芝,NoClass,z.NoClass,2.芝 マイル
1979/06/09,4歳以上,3000,障,NoClass,z.NoClass,7.障害
1979/06/02,4歳以上,1700,ダ,NoClass,z.NoClass,5.砂 マイル
1979/05/20,4歳以上,2000,芝,NoClass,z.NoClass,3.芝 中以遠
1979/05/19,4歳以上,3100,障,NoClass,z.NoClass,7.障害
1979/05/19,4歳,1600,芝,NoClass,z.NoClass,2.芝 マイル
1979/05/13,4歳,1800,芝,NoClass,z.NoClass,2.芝 マイル
1979/05/03,4歳,1600,芝,NoClass,z.NoClass,2.芝 マイル
1979/04/29,4歳以上,1600,芝,NoClass,z.NoClass,2.芝 マイル
1979/04/22,5歳以上,3290,障,NoClass,z.NoClass,7.障害
1979/04/21,4歳以上,1800,ダ,NoClass,z.NoClass,5.砂 マイル
1979/04/14,4歳以上,1200,ダ,NoClass,z.NoClass,4.砂 短距離
1979/04/08,5歳以上,1800,芝,NoClass,z.NoClass,2.芝 マイル
1979/04/07,5歳以上,3200,障,NoClass,z.NoClass,7.障害
1979/04/07,4歳以上勝入,1800,芝,NoClass,z.NoClass,2.芝 マイル
1979/03/31,5歳以上,1800,芝,NoClass,z.NoClass,2.芝 マイル
1979/03/24,4歳,1400,芝,NoClass,z.NoClass,1.芝 短距離
1979/03/17,5歳以上,2700,障,NoClass,z.NoClass,7.障害
1979/03/03,4歳以上,1800,ダ,NoClass,z.NoClass,5.砂 マイル
1979/02/25,4歳以上,1800,ダ,NoClass,z.NoClass,5.砂 マイル
1979/02/25,5歳以上,1700,ダ,NoClass,z.NoClass,5.砂 マイル
1979/02/18,4歳以上,1400,ダ,NoClass,z.NoClass,4.砂 短距離
1979/02/10,4歳以上,1200,ダ,NoClass,z.NoClass,4.砂 短距離
1979/02/10,4歳以上勝入,1700,ダ,NoClass,z.NoClass,5.砂 マイル
1979/02/10,5歳以上,3290,障,NoClass,z.NoClass,7.障害
1979/02/03,5歳以上,1600,芝,NoClass,z.NoClass,2.芝 マイル
1979/01/27,4歳,1600,芝,NoClass,z.NoClass,2.芝 マイル
1979/01/27,5歳以上,1700,ダ,NoClass,z.NoClass,5.砂 マイル
1979/01/06,4歳以上,1400,ダ,NoClass,z.NoClass,4.砂 短距離
1980/12/20,3歳勝入,1700,ダ,NoClass,z.NoClass,5.砂 マイル
1980/12/20,4歳以上,1700,ダ,NoClass,z.NoClass,5.砂 マイル
1980/12/16,4歳以上,1600,芝,NoClass,z.NoClass,2.芝 マイル
1980/12/13,4歳以上勝入,1800,ダ,NoClass,z.NoClass,5.砂 マイル
1980/12/13,4歳以上,3000,障,NoClass,z.NoClass,7.障害
1980/12/07,3歳,1200,ダ,NoClass,z.NoClass,4.砂 短距離
1980/12/06,4歳以上,1600,芝,NoClass,z.NoClass,2.芝 マイル
1980/11/30,4歳以上,1700,ダ,NoClass,z.NoClass,5.砂 マイル
1980/11/30,3歳,1600,ダ,NoClass,z.NoClass,5.砂 マイル
1980/11/29,4歳以上,3200,障,NoClass,z.NoClass,7.障害
1980/11/29,4歳以上,1700,ダ,NoClass,z.NoClass,5.砂 マイル
1980/11/29,4歳以上,1800,芝,NoClass,z.NoClass,2.芝 マイル
1980/11/22,4歳以上,1400,ダ,NoClass,z.NoClass,4.砂 短距離
1980/11/16,4歳以上,3000,障,NoClass,z.NoClass,7.障害
1980/11/08,3歳,1000,芝,NoClass,z.NoClass,1.芝 短距離
1980/11/08,4歳以上,1200,芝,NoClass,z.NoClass,1.芝 短距離
1980/11/01,4歳以上,2000,芝,NoClass,z.NoClass,3.芝 中以遠
1980/11/01,3歳,1400,芝,NoClass,z.NoClass,1.芝 短距離
1980/11/01,3歳,1400,芝,NoClass,z.NoClass,1.芝 短距離
1980/10/26,3歳勝入,1200,ダ,NoClass,z.NoClass,4.砂 短距離
1980/10/25,4歳以上,1800,芝,NoClass,z.NoClass,2.芝 マイル
1980/10/25,4歳以上,1900,芝,NoClass,z.NoClass,3.芝 中以遠
1980/10/19,4歳以上,3300,障,NoClass,z.NoClass,7.障害
1980/10/11,4歳以上,1800,ダ,NoClass,z.NoClass,5.砂 マイル
1980/10/11,4歳以上,3000,障,NoClass,z.NoClass,7.障害
1980/10/04,4歳以上,1600,芝,NoClass,z.NoClass,2.芝 マイル
1980/09/28,4歳以上,1700,ダ,NoClass,z.NoClass,5.砂 マイル
1980/09/27,4歳以上,3200,障,NoClass,z.NoClass,7.障害
1980/09/14,4歳以上,1700,ダ,NoClass,z.NoClass,5.砂 マイル
1980/08/31,4歳以上,1600,芝,NoClass,z.NoClass,2.芝 マイル
1980/08/30,4歳以上,1600,芝,NoClass,z.NoClass,2.芝 マイル
1980/08/16,3歳,1200,芝,NoClass,z.NoClass,1.芝 短距離
1980/08/10,3歳,1200,芝,NoClass,z.NoClass,1.芝 短距離
1980/08/03,4歳以上,1800,芝,NoClass,z.NoClass,2.芝 マイル
1980/07/27,3歳勝入,1200,芝,NoClass,z.NoClass,1.芝 短距離
1980/07/19,4歳以上,1400,芝,NoClass,z.NoClass,1.芝 短距離
1980/07/13,4歳以上,1700,芝,NoClass,z.NoClass,2.芝 マイル
1980/06/28,4歳以上勝入,1600,ダ,NoClass,z.NoClass,5.砂 マイル
1980/06/15,4歳以上,1700,芝,NoClass,z.NoClass,2.芝 マイル
1980/05/31,4歳以上勝入,1600,ダ,NoClass,z.NoClass,5.砂 マイル
1980/05/18,4歳以上,1600,ダ,NoClass,z.NoClass,5.砂 マイル
1980/05/11,5歳以上,3100,障,NoClass,z.NoClass,7.障害
1980/05/10,4歳,1800,芝,NoClass,z.NoClass,2.芝 マイル
1980/05/03,4歳,1600,芝,NoClass,z.NoClass,2.芝 マイル
1980/05/03,5歳以上,3200,障,NoClass,z.NoClass,7.障害
1980/04/27,4歳以上,1600,芝,NoClass,z.NoClass,2.芝 マイル
1980/04/19,4歳以上,1800,ダ,NoClass,z.NoClass,5.砂 マイル
1980/04/19,5歳以上,1900,芝,NoClass,z.NoClass,3.芝 中以遠
1980/04/06,5歳以上,1800,芝,NoClass,z.NoClass,2.芝 マイル
1980/04/06,4歳以上,1800,芝,NoClass,z.NoClass,2.芝 マイル
1980/04/05,5歳以上,3200,障,NoClass,z.NoClass,7.障害
1980/03/29,5歳以上,1800,芝,NoClass,z.NoClass,2.芝 マイル
1980/03/23,5歳以上,1800,芝,NoClass,z.NoClass,2.芝 マイル
1980/03/22,4歳,1400,芝,NoClass,z.NoClass,1.芝 短距離
1980/03/15,4歳以上勝入,1800,ダ,NoClass,z.NoClass,5.砂 マイル
1980/03/15,5歳以上,3200,障,NoClass,z.NoClass,7.障害
1980/03/15,4歳以上,1800,芝,NoClass,z.NoClass,2.芝 マイル
1980/03/09,5歳以上,3200,障,NoClass,z.NoClass,7.障害
1980/03/02,4歳以上,1700,ダ,NoClass,z.NoClass,5.砂 マイル
1980/02/24,5歳以上,1600,芝,NoClass,z.NoClass,2.芝 マイル
1980/02/23,5歳以上,1600,芝,NoClass,z.NoClass,2.芝 マイル
1980/02/16,4歳以上,1400,ダ,NoClass,z.NoClass,4.砂 短距離
1980/02/16,4歳以上,1700,芝,NoClass,z.NoClass,2.芝 マイル
1980/02/09,5歳以上,1400,芝,NoClass,z.NoClass,1.芝 短距離
1980/01/27,5歳以上,1700,ダ,NoClass,z.NoClass,5.砂 マイル
1980/01/27,5歳以上,2800,障,NoClass,z.NoClass,7.障害
1980/01/26,4歳,1600,芝,NoClass,z.NoClass,2.芝 マイル
1980/01/26,4歳,1700,芝,NoClass,z.NoClass,2.芝 マイル
1980/01/06,4歳以上,1200,ダ,NoClass,z.NoClass,4.砂 短距離
1981/12/19,4歳以上,1600,芝,NoClass,z.NoClass,2.芝 マイル
1981/12/19,4歳以上,1700,ダ,NoClass,z.NoClass,5.砂 マイル
1981/12/12,3歳勝入,1700,ダ,NoClass,z.NoClass,5.砂 マイル
1981/12/12,4歳以上,3200,障,NoClass,z.NoClass,7.障害
1981/12/05,4歳以上,1800,ダ,NoClass,z.NoClass,5.砂 マイル
1981/11/29,4歳以上,1700,ダ,NoClass,z.NoClass,5.砂 マイル
1981/11/29,4歳以上,1800,芝,NoClass,z.NoClass,2.芝 マイル
1981/11/28,3歳,1200,ダ,NoClass,z.NoClass,4.砂 短距離
1981/11/28,4歳以上,3200,障,NoClass,z.NoClass,7.障害
1981/11/28,3歳,1700,ダ,NoClass,z.NoClass,5.砂 マイル
1981/11/21,3歳,1600,芝,NoClass,z.NoClass,2.芝 マイル
1981/11/15,4歳以上,3290,障,NoClass,z.NoClass,7.障害
1981/11/14,4歳以上,1700,ダ,NoClass,z.NoClass,5.砂 マイル
1981/11/08,4歳以上,1800,芝,NoClass,z.NoClass,2.芝 マイル
1981/11/07,4歳以上,1400,ダ,NoClass,z.NoClass,4.砂 短距離
1981/11/01,3歳,1000,芝,NoClass,z.NoClass,1.芝 短距離
1981/11/01,4歳以上,3000,障,NoClass,z.NoClass,7.障害
1981/10/31,4歳以上,2000,芝,NoClass,z.NoClass,3.芝 中以遠
1981/10/25,3歳勝入,1200,ダ,NoClass,z.NoClass,4.砂 短距離
1981/10/24,4歳以上,2000,芝,NoClass,z.NoClass,3.芝 中以遠
1981/10/17,4歳以上,3300,障,NoClass,z.NoClass,7.障害
1981/10/17,4歳以上,1400,芝,NoClass,z.NoClass,1.芝 短距離
1981/10/04,4歳以上,1800,ダ,NoClass,z.NoClass,5.砂 マイル
1981/09/27,4歳以上,3200,障,NoClass,z.NoClass,7.障害
1981/09/27,3歳勝入,1200,ダ,NoClass,z.NoClass,4.砂 短距離
1981/09/20,4歳以上,1800,ダ,NoClass,z.NoClass,5.砂 マイル
1981/09/19,4歳以上,1600,芝,NoClass,z.NoClass,2.芝 マイル
1981/09/06,4歳以上,1700,ダ,NoClass,z.NoClass,5.砂 マイル
1981/08/30,4歳以上,1700,ダ,NoClass,z.NoClass,5.砂 マイル
1981/08/30,4歳以上,1600,芝,NoClass,z.NoClass,2.芝 マイル
1981/08/09,3歳,1200,芝,NoClass,z.NoClass,1.芝 短距離
1981/08/08,3歳,1200,芝,NoClass,z.NoClass,1.芝 短距離
1981/08/02,4歳以上,1800,芝,NoClass,z.NoClass,2.芝 マイル
1981/08/01,4歳以上勝入,2950,障,NoClass,z.NoClass,7.障害
1981/07/26,3歳勝入,1200,芝,NoClass,z.NoClass,1.芝 短距離
1981/07/19,4歳以上,1800,芝,NoClass,z.NoClass,2.芝 マイル
1981/07/12,4歳以上,1700,芝,NoClass,z.NoClass,2.芝 マイル
1981/06/14,4歳以上,1700,芝,NoClass,z.NoClass,2.芝 マイル
1981/06/14,4歳以上,1600,ダ,NoClass,z.NoClass,5.砂 マイル
1981/06/14,4歳以上,2800,障,NoClass,z.NoClass,7.障害
1981/06/07,4歳以上,3300,障,NoClass,z.NoClass,7.障害
1981/05/23,4歳以上,1600,ダ,NoClass,z.NoClass,5.砂 マイル
1981/05/23,4歳以上,3200,障,NoClass,z.NoClass,7.障害
1981/05/17,4歳以上,1700,ダ,NoClass,z.NoClass,5.砂 マイル
1981/05/17,4歳,1800,芝,NoClass,z.NoClass,2.芝 マイル
1981/05/16,4歳,1800,芝,NoClass,z.NoClass,2.芝 マイル
1981/05/10,4歳以上勝入,1700,ダ,NoClass,z.NoClass,5.砂 マイル
1981/05/03,5歳以上,1800,芝,NoClass,z.NoClass,2.芝 マイル
1981/04/26,4歳,1800,芝,NoClass,z.NoClass,2.芝 マイル
1981/04/18,4歳以上,1600,芝,NoClass,z.NoClass,2.芝 マイル
1981/04/18,5歳以上,3290,障,NoClass,z.NoClass,7.障害
1981/04/18,5歳以上,1900,ダ,NoClass,z.NoClass,6.砂 中以遠
1981/04/05,5歳以上,1800,ダ,NoClass,z.NoClass,5.砂 マイル
1981/04/05,4歳以上,1200,芝,NoClass,z.NoClass,1.芝 短距離
1981/04/04,5歳以上,3200,障,NoClass,z.NoClass,7.障害
1981/03/28,5歳以上,1800,芝,NoClass,z.NoClass,2.芝 マイル
1981/03/22,4歳以上,1700,ダ,NoClass,z.NoClass,5.砂 マイル
1981/03/21,4歳,1400,芝,NoClass,z.NoClass,1.芝 短距離
1981/03/15,5歳以上勝入,3550,障,NoClass,z.NoClass,7.障害
1981/03/14,4歳以上,1800,芝,NoClass,z.NoClass,2.芝 マイル
1981/03/08,4歳以上勝入,1700,ダ,NoClass,z.NoClass,5.砂 マイル
1981/03/08,5歳以上,3200,障,NoClass,z.NoClass,7.障害
1981/03/01,5歳以上,1600,芝,NoClass,z.NoClass,2.芝 マイル
1981/03/01,4歳以上,1800,ダ,NoClass,z.NoClass,5.砂 マイル
1981/02/21,4歳以上,1200,ダ,NoClass,z.NoClass,4.砂 短距離
1981/02/21,5歳以上,1800,芝,NoClass,z.NoClass,2.芝 マイル
1981/02/14,5歳以上,3300,障,NoClass,z.NoClass,7.障害
1981/02/08,5歳以上勝入,3290,障,NoClass,z.NoClass,7.障害
1981/01/31,4歳以上,1700,ダ,NoClass,z.NoClass,5.砂 マイル
1981/01/25,5歳以上,1600,ダ,NoClass,z.NoClass,5.砂 マイル
1981/01/24,4歳,1600,芝,NoClass,z.NoClass,2.芝 マイル
1981/01/24,5歳以上,3290,障,NoClass,z.NoClass,7.障害
1981/01/24,5歳以上,1600,芝,NoClass,z.NoClass,2.芝 マイル
1981/01/07,4歳以上,1700,ダ,NoClass,z.NoClass,5.砂 マイル
1982/12/25,4歳以上,1600,芝,NoClass,z.NoClass,2.芝 マイル
1982/12/19,4歳以上,1800,ダ,NoClass,z.NoClass,5.砂 マイル
1982/12/18,4歳以上,1700,ダ,NoClass,z.NoClass,5.砂 マイル
1982/12/18,4歳以上,3200,障,NoClass,z.NoClass,7.障害
1982/12/11,3歳,1700,ダ,NoClass,z.NoClass,5.砂 マイル
1982/12/05,4歳以上,3200,障,NoClass,z.NoClass,7.障害
1982/12/04,4歳以上,1800,芝,NoClass,z.NoClass,2.芝 マイル
1982/11/28,3歳,1200,芝,NoClass,z.NoClass,1.芝 短距離
1982/11/28,3歳,1600,ダ,NoClass,z.NoClass,5.砂 マイル
1982/11/27,4歳以上,1700,ダ,NoClass,z.NoClass,5.砂 マイル
1982/11/21,4歳以上,1700,ダ,NoClass,z.NoClass,5.砂 マイル
1982/11/20,4歳以上,3290,障,NoClass,z.NoClass,7.障害
1982/11/13,4歳以上,1800,芝,NoClass,z.NoClass,2.芝 マイル
1982/11/13,3歳,1400,ダ,NoClass,z.NoClass,4.砂 短距離
1982/11/13,4歳以上,1600,芝,NoClass,z.NoClass,2.芝 マイル
1982/11/07,4歳以上,1800,ダ,NoClass,z.NoClass,5.砂 マイル
1982/11/06,3歳,1000,芝,NoClass,z.NoClass,1.芝 短距離
1982/11/06,4歳以上,3000,障,NoClass,z.NoClass,7.障害
1982/10/31,3歳勝入,1400,ダ,NoClass,z.NoClass,4.砂 短距離
1982/10/30,4歳以上,2000,芝,NoClass,z.NoClass,3.芝 中以遠
1982/10/30,4歳以上,2000,芝,NoClass,z.NoClass,3.芝 中以遠
1982/10/24,4歳以上,3300,障,NoClass,z.NoClass,7.障害
1982/10/24,4歳以上,1400,芝,NoClass,z.NoClass,1.芝 短距離
1982/10/17,3歳,1200,ダ,NoClass,z.NoClass,4.砂 短距離
1982/10/09,4歳以上,1800,ダ,NoClass,z.NoClass,5.砂 マイル
1982/10/03,3歳勝入,1200,ダ,NoClass,z.NoClass,4.砂 短距離
1982/09/25,4歳以上,1700,ダ,NoClass,z.NoClass,5.砂 マイル
1982/09/19,4歳以上,1800,ダ,NoClass,z.NoClass,5.砂 マイル
1982/09/19,4歳以上,3200,障,NoClass,z.NoClass,7.障害
1982/09/11,4歳以上,1800,ダ,NoClass,z.NoClass,5.砂 マイル
1982/09/04,4歳以上,1700,ダ,NoClass,z.NoClass,5.砂 マイル
1982/08/21,4歳以上,3200,障,NoClass,z.NoClass,7.障害
1982/08/15,3歳,1200,ダ,NoClass,z.NoClass,4.砂 短距離
1982/08/15,4歳以上,3000,障,NoClass,z.NoClass,7.障害
1982/08/14,3歳,1200,芝,NoClass,z.NoClass,1.芝 短距離
1982/08/08,4歳以上,1200,ダ,NoClass,z.NoClass,4.砂 短距離
1982/08/01,3歳勝入,1200,芝,NoClass,z.NoClass,1.芝 短距離
1982/07/31,4歳以上,1700,ダ,NoClass,z.NoClass,5.砂 マイル
1982/07/24,4歳以上,1700,ダ,NoClass,z.NoClass,5.砂 マイル
1982/07/24,4歳以上,3000,障,NoClass,z.NoClass,7.障害
1982/07/11,4歳以上勝入,1700,芝,NoClass,z.NoClass,2.芝 マイル
1982/07/11,4歳以上勝入,1600,ダ,NoClass,z.NoClass,5.砂 マイル
1982/06/27,4歳以上,3500,障,NoClass,z.NoClass,7.障害
1982/06/20,4歳以上,1800,芝,NoClass,z.NoClass,2.芝 マイル
1982/06/20,4歳以上,2800,障,NoClass,z.NoClass,7.障害
1982/06/12,4歳以上勝入,1800,ダ,NoClass,z.NoClass,5.砂 マイル
1982/06/06,4歳以上,3100,障,NoClass,z.NoClass,7.障害
1982/05/30,4歳以上,3200,障,NoClass,z.NoClass,7.障害
1982/05/29,4歳以上,1900,芝,NoClass,z.NoClass,3.芝 中以遠
1982/05/23,4歳以上,1600,ダ,NoClass,z.NoClass,5.砂 マイル
1982/05/23,4歳以上,3300,障,NoClass,z.NoClass,7.障害
1982/05/23,4歳,1800,芝,NoClass,z.NoClass,2.芝 マイル
1982/05/15,4歳,1800,芝,NoClass,z.NoClass,2.芝 マイル
1982/05/02,4歳以上,1700,ダ,NoClass,z.NoClass,5.砂 マイル
1982/04/25,4歳以上,1600,芝,NoClass,z.NoClass,2.芝 マイル
1982/04/18,5歳以上,3200,障,NoClass,z.NoClass,7.障害
1982/04/17,4歳以上勝入,1700,ダ,NoClass,z.NoClass,5.砂 マイル
1982/04/11,5歳以上,2000,芝,NoClass,z.NoClass,3.芝 中以遠
1982/04/10,5歳以上,1800,芝,NoClass,z.NoClass,2.芝 マイル
1982/04/03,4歳以上,1800,ダ,NoClass,z.NoClass,5.砂 マイル
1982/03/28,4歳,1400,芝,NoClass,z.NoClass,1.芝 短距離
1982/03/27,4歳以上,1700,ダ,NoClass,z.NoClass,5.砂 マイル
1982/03/21,5歳以上勝入,3550,障,NoClass,z.NoClass,7.障害
1982/03/13,5歳以上,3200,障,NoClass,z.NoClass,7.障害
1982/03/07,5歳以上,1800,ダ,NoClass,z.NoClass,5.砂 マイル
1982/02/28,5歳以上,3200,障,NoClass,z.NoClass,7.障害
1982/02/28,5歳以上,1800,芝,NoClass,z.NoClass,2.芝 マイル
1982/02/27,4歳以上,1800,ダ,NoClass,z.NoClass,5.砂 マイル
1982/02/27,4歳以上,1700,ダ,NoClass,z.NoClass,5.砂 マイル
1982/02/14,4歳以上,1700,ダ,NoClass,z.NoClass,5.砂 マイル
1982/02/14,5歳以上勝入,3290,障,NoClass,z.NoClass,7.障害
1982/02/13,4歳以上勝入,1700,ダ,NoClass,z.NoClass,5.砂 マイル
1982/01/31,5歳以上,1700,ダ,NoClass,z.NoClass,5.砂 マイル
1982/01/30,4歳以上,1600,ダ,NoClass,z.NoClass,5.砂 マイル
1982/01/30,4歳,1400,芝,NoClass,z.NoClass,1.芝 短距離
1982/01/30,5歳以上,3290,障,NoClass,z.NoClass,7.障害
1982/01/10,5歳以上,3550,障,NoClass,z.NoClass,7.障害
1982/01/06,4歳以上,1800,ダ,NoClass,z.NoClass,5.砂 マイル
1982/01/06,5歳以上,3000,障,NoClass,z.NoClass,7.障害
1983/12/24,4歳以上,1600,芝,NoClass,z.NoClass,2.芝 マイル
1983/12/17,4歳以上,1700,ダ,NoClass,z.NoClass,5.砂 マイル
1983/12/17,4歳以上勝入,3200,障,NoClass,z.NoClass,7.障害
1983/12/10,3歳,1800,ダ,NoClass,z.NoClass,5.砂 マイル
1983/12/04,4歳以上,3200,障,NoClass,z.NoClass,7.障害
1983/12/04,4歳以上,1900,芝,NoClass,z.NoClass,3.芝 中以遠
1983/12/03,4歳以上,1600,ダ,NoClass,z.NoClass,5.砂 マイル
1983/11/27,3歳,1600,芝,NoClass,z.NoClass,2.芝 マイル
1983/11/27,3歳,1600,ダ,NoClass,z.NoClass,5.砂 マイル
1983/11/26,4歳以上,1700,ダ,NoClass,z.NoClass,5.砂 マイル
1983/11/20,4歳以上,1000,芝,NoClass,z.NoClass,1.芝 短距離
1983/11/13,3歳,1700,ダ,NoClass,z.NoClass,5.砂 マイル
1983/11/12,4歳以上,1800,芝,NoClass,z.NoClass,2.芝 マイル
1983/11/06,4歳以上,1700,芝,NoClass,z.NoClass,2.芝 マイル
1983/11/05,3歳,1000,芝,NoClass,z.NoClass,1.芝 短距離
1983/11/05,4歳以上,3290,障,NoClass,z.NoClass,7.障害
1983/10/30,4歳以上,2600,芝,NoClass,z.NoClass,3.芝 中以遠
1983/10/29,3歳勝入,1400,ダ,NoClass,z.NoClass,4.砂 短距離
1983/10/23,4歳以上,1700,芝,NoClass,z.NoClass,2.芝 マイル
1983/10/22,4歳以上,1600,ダ,NoClass,z.NoClass,5.砂 マイル
1983/10/15,4歳以上,3300,障,NoClass,z.NoClass,7.障害
1983/10/09,4歳以上,1000,芝,NoClass,z.NoClass,1.芝 短距離
1983/10/01,3歳勝入,1200,ダ,NoClass,z.NoClass,4.砂 短距離
1983/09/25,4歳以上,1600,芝,NoClass,z.NoClass,2.芝 マイル
1983/09/24,3歳勝入,1200,ダ,NoClass,z.NoClass,4.砂 短距離
1983/09/17,4歳以上,3200,障,NoClass,z.NoClass,7.障害
1983/09/17,3歳,1200,ダ,NoClass,z.NoClass,4.砂 短距離
1983/09/11,4歳以上,1800,ダ,NoClass,z.NoClass,5.砂 マイル
1983/09/11,4歳以上,1700,ダ,NoClass,z.NoClass,5.砂 マイル
1983/08/27,4歳以上,1700,芝,NoClass,z.NoClass,2.芝 マイル
1983/08/27,3歳勝入,1200,芝,NoClass,z.NoClass,1.芝 短距離
1983/08/20,4歳以上,3200,障,NoClass,z.NoClass,7.障害
1983/08/20,3歳,1000,芝,NoClass,z.NoClass,1.芝 短距離
1983/08/13,3歳,1200,芝,NoClass,z.NoClass,1.芝 短距離
1983/07/31,4歳以上,1800,芝,NoClass,z.NoClass,2.芝 マイル
1983/07/31,4歳以上,1200,芝,NoClass,z.NoClass,1.芝 短距離
1983/07/17,4歳以上,1800,芝,NoClass,z.NoClass,2.芝 マイル
1983/06/26,4歳以上,2800,障,NoClass,z.NoClass,7.障害
1983/06/25,4歳以上,2800,障,NoClass,z.NoClass,7.障害
1983/06/19,4歳以上,1800,芝,NoClass,z.NoClass,2.芝 マイル
1983/06/19,4歳以上,1600,ダ,NoClass,z.NoClass,5.砂 マイル
1983/06/11,4歳以上勝入,1700,ダ,NoClass,z.NoClass,5.砂 マイル
1983/06/05,4歳以上,3100,障,NoClass,z.NoClass,7.障害
1983/06/04,4歳以上,1600,ダ,NoClass,z.NoClass,5.砂 マイル
1983/06/04,4歳以上,3200,障,NoClass,z.NoClass,7.障害
1983/05/29,4歳以上,1200,ダ,NoClass,z.NoClass,4.砂 短距離
1983/05/28,4歳以上,1900,芝,NoClass,z.NoClass,3.芝 中以遠
1983/05/22,4歳,1800,芝,NoClass,z.NoClass,2.芝 マイル
1983/05/14,4歳,1800,芝,NoClass,z.NoClass,2.芝 マイル
1983/05/14,4歳以上勝入,1800,ダ,NoClass,z.NoClass,5.砂 マイル
1983/05/08,5歳以上,3300,障,NoClass,z.NoClass,7.障害
1983/05/07,4歳以上,1600,芝,NoClass,z.NoClass,2.芝 マイル
1983/05/07,4歳以上,1600,芝,NoClass,z.NoClass,2.芝 マイル
1983/04/23,4歳以上,2200,芝,NoClass,z.NoClass,3.芝 中以遠
1983/04/23,4歳以上,1700,ダ,NoClass,z.NoClass,5.砂 マイル
1983/04/10,5歳以上,1900,芝,NoClass,z.NoClass,3.芝 中以遠
1983/04/09,5歳以上,3200,障,NoClass,z.NoClass,7.障害
1983/04/02,4歳以上,1800,ダ,NoClass,z.NoClass,5.砂 マイル
1983/03/27,4歳,1400,芝,NoClass,z.NoClass,1.芝 短距離
1983/03/26,4歳以上,1700,芝,NoClass,z.NoClass,2.芝 マイル
1983/03/19,5歳以上勝入,3200,障,NoClass,z.NoClass,7.障害
1983/03/13,5歳以上,3200,障,NoClass,z.NoClass,7.障害
1983/03/13,4歳以上,1800,芝,NoClass,z.NoClass,2.芝 マイル
1983/03/12,4歳以上,1700,ダ,NoClass,z.NoClass,5.砂 マイル
1983/03/06,5歳以上,2000,芝,NoClass,z.NoClass,3.芝 中以遠
1983/02/27,5歳以上,1800,芝,NoClass,z.NoClass,2.芝 マイル
1983/02/26,4歳以上,1800,ダ,NoClass,z.NoClass,5.砂 マイル
1983/02/19,4歳以上,1700,ダ,NoClass,z.NoClass,5.砂 マイル
1983/02/12,4歳以上,1600,ダ,NoClass,z.NoClass,5.砂 マイル
1983/02/12,4歳以上勝入,1600,ダ,NoClass,z.NoClass,5.砂 マイル
1983/02/05,4歳以上,2200,ダ,NoClass,z.NoClass,6.砂 中以遠
1983/02/05,5歳以上,3290,障,NoClass,z.NoClass,7.障害
1983/01/22,4歳以上,1000,ダ,NoClass,z.NoClass,4.砂 短距離
1983/01/15,5歳以上,3000,障,NoClass,z.NoClass,7.障害
1983/01/09,5歳以上,3550,障,NoClass,z.NoClass,7.障害
1983/01/06,4歳以上,1700,ダ,NoClass,z.NoClass,5.砂 マイル
1984/12/16,4歳以上勝入,1700,ダ,NoClass,z.NoClass,5.砂 マイル
1984/12/08,3歳,1700,ダ,NoClass,z.NoClass,5.砂 マイル
1984/12/02,4歳以上,3200,障,NoClass,z.NoClass,7.障害
1984/12/01,3歳,1600,ダ,NoClass,z.NoClass,5.砂 マイル
1984/11/24,4歳以上,1600,ダ,NoClass,z.NoClass,5.砂 マイル
1984/11/17,4歳以上,3290,障,NoClass,z.NoClass,7.障害
1984/11/10,3歳,1700,ダ,NoClass,z.NoClass,5.砂 マイル
1984/11/04,4歳以上,1700,ダ,NoClass,z.NoClass,5.砂 マイル
1984/11/03,3歳,1000,芝,NoClass,z.NoClass,1.芝 短距離
1984/10/27,4歳以上,2000,芝,NoClass,z.NoClass,3.芝 中以遠
1984/10/21,4歳以上,1700,芝,NoClass,z.NoClass,2.芝 マイル
1984/10/20,3歳勝入,1400,ダ,NoClass,z.NoClass,4.砂 短距離
1984/10/14,4歳以上,3300,障,NoClass,z.NoClass,7.障害
1984/10/06,4歳以上,1000,ダ,NoClass,z.NoClass,4.砂 短距離
1984/10/06,3歳,1400,ダ,NoClass,z.NoClass,4.砂 短距離
1984/10/06,4歳以上,3290,障,NoClass,z.NoClass,7.障害
1984/09/23,3歳勝入,1200,ダ,NoClass,z.NoClass,4.砂 短距離
1984/09/22,3歳勝入,1200,ダ,NoClass,z.NoClass,4.砂 短距離
1984/09/15,4歳以上,3200,障,NoClass,z.NoClass,7.障害
1984/09/15,4歳以上,3200,障,NoClass,z.NoClass,7.障害
1984/09/09,4歳以上,1800,ダ,NoClass,z.NoClass,5.砂 マイル
1984/09/09,4歳以上,1700,ダ,NoClass,z.NoClass,5.砂 マイル
1984/08/26,3歳勝入,1200,芝,NoClass,z.NoClass,1.芝 短距離
1984/08/19,4歳以上,2800,障,NoClass,z.NoClass,7.障害
1984/08/18,4歳以上,2950,障,NoClass,z.NoClass,7.障害
1984/08/18,4歳以上,1800,芝,NoClass,z.NoClass,2.芝 マイル
1984/08/05,4歳以上,1800,芝,NoClass,z.NoClass,2.芝 マイル
1984/07/29,4歳以上,2000,芝,NoClass,z.NoClass,3.芝 中以遠
1984/07/01,4歳以上,2800,障,NoClass,z.NoClass,7.障害
1984/06/23,4歳以上,2800,障,NoClass,z.NoClass,7.障害
1984/06/17,4歳以上,1700,芝,NoClass,z.NoClass,2.芝 マイル
1984/06/16,4歳以上,1600,ダ,NoClass,z.NoClass,5.砂 マイル
1984/06/09,4歳以上勝入,1800,ダ,NoClass,z.NoClass,5.砂 マイル
1984/06/03,4歳以上,1600,ダ,NoClass,z.NoClass,5.砂 マイル
1984/06/03,4歳以上,3300,障,NoClass,z.NoClass,7.障害
1984/06/02,4歳以上,3200,障,NoClass,z.NoClass,7.障害
1984/05/20,4歳以上,1200,ダ,NoClass,z.NoClass,4.砂 短距離
1984/05/13,4歳以上,1600,芝,NoClass,z.NoClass,2.芝 マイル
1984/05/13,4歳,1800,芝,NoClass,z.NoClass,2.芝 マイル
1984/05/06,5歳以上,3300,障,NoClass,z.NoClass,7.障害
1984/05/05,4歳以上,1800,ダ,NoClass,z.NoClass,5.砂 マイル
1984/04/22,4歳以上,1700,ダ,NoClass,z.NoClass,5.砂 マイル
1984/04/21,4歳以上,2200,芝,NoClass,z.NoClass,3.芝 中以遠
1984/04/07,5歳以上勝入,3200,障,NoClass,z.NoClass,7.障害
1984/04/01,4歳以上,2400,ダ,NoClass,z.NoClass,6.砂 中以遠
1984/03/18,4歳以上,1800,芝,NoClass,z.NoClass,2.芝 マイル
1984/03/11,5歳以上,3550,障,NoClass,z.NoClass,7.障害
1984/03/10,4歳以上,1700,ダ,NoClass,z.NoClass,5.砂 マイル
1984/03/04,4歳以上,1800,ダ,NoClass,z.NoClass,5.砂 マイル
1984/02/26,5歳以上,3200,障,NoClass,z.NoClass,7.障害
1984/02/12,4歳以上,1700,ダ,NoClass,z.NoClass,5.砂 マイル
1984/02/04,5歳以上,3290,障,NoClass,z.NoClass,7.障害
1984/01/21,4歳以上,1600,ダ,NoClass,z.NoClass,5.砂 マイル
1984/01/15,5歳以上,3550,障,NoClass,z.NoClass,7.障害
1984/01/15,5歳以上,3000,障,NoClass,z.NoClass,7.障害
1984/01/07,4歳以上,1700,ダ,NoClass,z.NoClass,5.砂 マイル
1985/12/15,4歳以上勝入,1700,ダ,NoClass,z.NoClass,5.砂 マイル
1985/12/07,3歳,1700,ダ,NoClass,z.NoClass,5.砂 マイル
1985/12/01,4歳以上,3200,障,NoClass,z.NoClass,7.障害
1985/11/30,3歳,1000,ダ,NoClass,z.NoClass,4.砂 短距離
1985/11/24,4歳以上,1700,ダ,NoClass,z.NoClass,5.砂 マイル
1985/11/16,3歳勝入,1700,ダ,NoClass,z.NoClass,5.砂 マイル
1985/11/16,4歳以上,3290,障,NoClass,z.NoClass,7.障害
1985/11/03,3歳,1000,芝,NoClass,z.NoClass,1.芝 短距離
1985/11/02,4歳以上,1700,芝,NoClass,z.NoClass,2.芝 マイル
1985/10/27,4歳以上,1800,芝,NoClass,z.NoClass,2.芝 マイル
1985/10/20,4歳以上,1700,芝,NoClass,z.NoClass,2.芝 マイル
1985/10/19,3歳勝入,1400,ダ,NoClass,z.NoClass,4.砂 短距離
1985/10/13,4歳以上,3300,障,NoClass,z.NoClass,7.障害
1985/10/05,4歳以上,3290,障,NoClass,z.NoClass,7.障害
1985/09/21,3歳勝入,1200,ダ,NoClass,z.NoClass,4.砂 短距離
1985/09/21,3歳勝入,1200,ダ,NoClass,z.NoClass,4.砂 短距離
1985/09/14,4歳以上,3200,障,NoClass,z.NoClass,7.障害
1985/09/14,4歳以上,3200,障,NoClass,z.NoClass,7.障害
1985/09/07,4歳以上,1800,ダ,NoClass,z.NoClass,5.砂 マイル
1985/09/07,4歳以上,1700,ダ,NoClass,z.NoClass,5.砂 マイル
1985/08/25,3歳勝入,1200,芝,NoClass,z.NoClass,1.芝 短距離
1985/08/18,4歳以上,1800,芝,NoClass,z.NoClass,2.芝 マイル
1985/08/17,4歳以上,1800,芝,NoClass,z.NoClass,2.芝 マイル
1985/08/17,4歳以上,2950,障,NoClass,z.NoClass,7.障害
1985/08/03,4歳以上,1400,芝,NoClass,z.NoClass,1.芝 短距離
1985/07/28,4歳以上,2000,芝,NoClass,z.NoClass,3.芝 中以遠
1985/07/21,4歳以上,2800,障,NoClass,z.NoClass,7.障害
1985/07/07,4歳以上,1700,芝,NoClass,z.NoClass,2.芝 マイル
1985/06/29,4歳以上勝入,1700,ダ,NoClass,z.NoClass,5.砂 マイル
1985/06/22,4歳以上,2800,障,NoClass,z.NoClass,7.障害
1985/06/22,4歳以上,2800,障,NoClass,z.NoClass,7.障害
1985/06/16,4歳以上,1600,ダ,NoClass,z.NoClass,5.砂 マイル
1985/06/09,4歳以上勝入,1800,ダ,NoClass,z.NoClass,5.砂 マイル
1985/06/08,4歳以上勝入,1700,ダ,NoClass,z.NoClass,5.砂 マイル
1985/06/01,4歳以上,3300,障,NoClass,z.NoClass,7.障害
1985/06/01,4歳以上勝入,3200,障,NoClass,z.NoClass,7.障害
1985/05/26,4歳以上,1200,ダ,NoClass,z.NoClass,4.砂 短距離
1985/05/25,4歳以上,1400,ダ,NoClass,z.NoClass,4.砂 短距離
1985/05/12,4歳以上勝入,1800,ダ,NoClass,z.NoClass,5.砂 マイル
1985/05/11,4歳以上勝入,1000,ダ,NoClass,z.NoClass,4.砂 短距離
1985/05/03,5歳以上勝入,3300,障,NoClass,z.NoClass,7.障害
1985/04/29,4歳以上,1700,ダ,NoClass,z.NoClass,5.砂 マイル
1985/04/21,4歳以上,2000,芝,NoClass,z.NoClass,3.芝 中以遠
1985/04/21,4歳以上,1700,ダ,NoClass,z.NoClass,5.砂 マイル
1985/04/06,5歳以上勝入,3200,障,NoClass,z.NoClass,7.障害
1985/03/31,4歳以上,1800,ダ,NoClass,z.NoClass,5.砂 マイル
1985/03/10,5歳以上,3200,障,NoClass,z.NoClass,7.障害
1985/03/09,4歳以上,1800,ダ,NoClass,z.NoClass,5.砂 マイル
1985/02/24,5歳以上,3200,障,NoClass,z.NoClass,7.障害
1985/02/17,4歳,1400,ダ,NoClass,z.NoClass,4.砂 短距離
1985/02/17,4歳,1600,ダ,NoClass,z.NoClass,5.砂 マイル
1985/02/17,4歳,1200,ダ,NoClass,z.NoClass,4.砂 短距離
1985/02/17,4歳,1700,ダ,NoClass,z.NoClass,5.砂 マイル
1985/02/17,5歳以上,3300,障,NoClass,z.NoClass,7.障害
1985/02/17,4歳,1800,芝,NoClass,z.NoClass,2.芝 マイル
1985/02/17,5歳以上,1600,ダ,NoClass,z.NoClass,5.砂 マイル
1985/02/17,5歳以上,1600,ダ,NoClass,z.NoClass,5.砂 マイル
1985/02/17,5歳以上,1600,ダ,NoClass,z.NoClass,5.砂 マイル
1985/02/16,4歳以上,1600,ダ,NoClass,z.NoClass,5.砂 マイル
1985/02/16,4歳,1700,ダ,NoClass,z.NoClass,5.砂 マイル
1985/02/16,4歳,1200,ダ,NoClass,z.NoClass,4.砂 短距離
1985/02/16,4歳,1600,ダ,NoClass,z.NoClass,5.砂 マイル
1985/02/16,5歳以上,3100,障,NoClass,z.NoClass,7.障害
1985/02/16,4歳,1600,ダ,NoClass,z.NoClass,5.砂 マイル
1985/02/16,4歳,1600,ダ,NoClass,z.NoClass,5.砂 マイル
1985/02/16,5歳以上,1600,ダ,NoClass,z.NoClass,5.砂 マイル
1985/02/16,5歳以上,1200,ダ,NoClass,z.NoClass,4.砂 短距離
1985/02/16,4歳以上勝入,2200,ダ,NoClass,z.NoClass,6.砂 中以遠
1985/02/10,4歳,1400,ダ,NoClass,z.NoClass,4.砂 短距離
1985/02/10,4歳,1400,ダ,NoClass,z.NoClass,4.砂 短距離
1985/02/10,4歳,1400,ダ,NoClass,z.NoClass,4.砂 短距離
1985/02/10,4歳,1200,ダ,NoClass,z.NoClass,4.砂 短距離
1985/02/10,5歳以上,3100,障,NoClass,z.NoClass,7.障害
1985/02/10,4歳,1600,ダ,NoClass,z.NoClass,5.砂 マイル
1985/02/10,5歳以上,1700,ダ,NoClass,z.NoClass,5.砂 マイル
1985/02/10,5歳以上,1600,ダ,NoClass,z.NoClass,5.砂 マイル
1985/02/10,5歳以上,1400,ダ,NoClass,z.NoClass,4.砂 短距離
1985/02/09,4歳以上,1700,ダ,NoClass,z.NoClass,5.砂 マイル
1985/02/09,4歳,1600,ダ,NoClass,z.NoClass,5.砂 マイル
1985/02/09,4歳,1600,ダ,NoClass,z.NoClass,5.砂 マイル
1985/02/09,4歳,1700,ダ,NoClass,z.NoClass,5.砂 マイル
1985/02/09,4歳,1200,ダ,NoClass,z.NoClass,4.砂 短距離
1985/02/09,4歳,1200,ダ,NoClass,z.NoClass,4.砂 短距離
1985/02/09,4歳,1400,ダ,NoClass,z.NoClass,4.砂 短距離
1985/02/09,5歳以上,1400,ダ,NoClass,z.NoClass,4.砂 短距離
1985/02/09,5歳以上,1700,ダ,NoClass,z.NoClass,5.砂 マイル
1985/02/03,4歳,1400,ダ,NoClass,z.NoClass,4.砂 短距離
1985/02/03,4歳,1600,ダ,NoClass,z.NoClass,5.砂 マイル
1985/02/03,4歳,1400,ダ,NoClass,z.NoClass,4.砂 短距離
1985/02/03,4歳,1600,ダ,NoClass,z.NoClass,5.砂 マイル
1985/02/03,5歳以上,3100,障,NoClass,z.NoClass,7.障害
1985/02/03,4歳,1200,ダ,NoClass,z.NoClass,4.砂 短距離
1985/02/03,5歳以上,1400,ダ,NoClass,z.NoClass,4.砂 短距離
1985/02/03,5歳以上,1400,ダ,NoClass,z.NoClass,4.砂 短距離
1985/02/03,5歳以上,1600,ダ,NoClass,z.NoClass,5.砂 マイル
1985/02/03,5歳以上,3290,障,NoClass,z.NoClass,7.障害
1985/02/02,4歳,1400,ダ,NoClass,z.NoClass,4.砂 短距離
1985/02/02,4歳,1600,ダ,NoClass,z.NoClass,5.砂 マイル
1985/02/02,4歳,1600,ダ,NoClass,z.NoClass,5.砂 マイル
1985/02/02,4歳,1200,ダ,NoClass,z.NoClass,4.砂 短距離
1985/02/02,5歳以上,3100,障,NoClass,z.NoClass,7.障害
1985/02/02,4歳,1600,芝,NoClass,z.NoClass,2.芝 マイル
1985/02/02,4歳,1700,ダ,NoClass,z.NoClass,5.砂 マイル
1985/02/02,5歳以上,1600,ダ,NoClass,z.NoClass,5.砂 マイル
1985/02/02,5歳以上,1600,ダ,NoClass,z.NoClass,5.砂 マイル
1985/01/27,4歳,1400,ダ,NoClass,z.NoClass,4.砂 短距離
1985/01/27,4歳,1600,ダ,NoClass,z.NoClass,5.砂 マイル
1985/01/27,4歳,1200,ダ,NoClass,z.NoClass,4.砂 短距離
1985/01/27,4歳,1200,ダ,NoClass,z.NoClass,4.砂 短距離
1985/01/27,5歳以上,3100,障,NoClass,z.NoClass,7.障害
1985/01/27,4歳,2000,芝,NoClass,z.NoClass,3.芝 中以遠
1985/01/27,4歳,1600,ダ,NoClass,z.NoClass,5.砂 マイル
1985/01/27,5歳以上,1600,ダ,NoClass,z.NoClass,5.砂 マイル
1985/01/27,5歳以上,1400,ダ,NoClass,z.NoClass,4.砂 短距離
1985/01/27,4歳以上,1700,ダ,NoClass,z.NoClass,5.砂 マイル
1985/01/26,4歳以上,1400,ダ,NoClass,z.NoClass,4.砂 短距離
1985/01/26,4歳,1200,ダ,NoClass,z.NoClass,4.砂 短距離
1985/01/26,4歳,1600,ダ,NoClass,z.NoClass,5.砂 マイル
1985/01/26,4歳,1400,ダ,NoClass,z.NoClass,4.砂 短距離
1985/01/26,5歳以上,3100,障,NoClass,z.NoClass,7.障害
1985/01/26,4歳,1400,ダ,NoClass,z.NoClass,4.砂 短距離
1985/01/26,4歳,1600,ダ,NoClass,z.NoClass,5.砂 マイル
1985/01/26,5歳以上,1700,ダ,NoClass,z.NoClass,5.砂 マイル
1985/01/26,5歳以上,1200,ダ,NoClass,z.NoClass,4.砂 短距離
1985/01/15,5歳以上勝入,3200,障,NoClass,z.NoClass,7.障害
1985/01/07,5歳以上,3000,障,NoClass,z.NoClass,7.障害
